Reference_name,Ubump_inst,X_origin,Y_origin,Orientation,Port_name,Net_name
UBUMP,ve_vccfwdio_0,43.82,12,R0,vccfwdio,vccfwdio
UBUMP,ve_vccfwdio_1,107.46,12,R0,vccfwdio,vccfwdio
UBUMP,ve_vccio_0,171.1,12,R0,vccio,vccio
UBUMP,ve_vccio_1,234.74,12,R0,vccio,vccio
UBUMP,ve_vccio_2,298.38,12,R0,vccio,vccio
UBUMP,ve_vss_0,362.02,12,R0,vss,vss
UBUMP,ve_vccfwdio_2,12,43.82,R0,vccfwdio,vccfwdio
UBUMP,ve_vccfwdio_3,75.64,43.82,R0,vccfwdio,vccfwdio
UBUMP,ve_vccfwdio_4,139.28,43.82,R0,vccfwdio,vccfwdio
UBUMP,ve_vccio_3,202.92,43.82,R0,vccio,vccio
UBUMP,ve_vccio_4,266.56,43.82,R0,vccio,vccio
UBUMP,ve_vccio_5,330.2,43.82,R0,vccio,vccio
UBUMP,ve_ucie32b_rxdata[5],43.82,75.64,R0,ve_ucie32b_rxdata[5],ve_ucie32b_rxdata[5]
UBUMP,ve_ucie32b_rxdata[22],107.46,75.64,R0,ve_ucie32b_rxdata[22],ve_ucie32b_rxdata[22]
UBUMP,ve_ucie32b_txdata[31],171.1,75.64,R0,ve_ucie32b_txdata[31],ve_ucie32b_txdata[31]
UBUMP,ve_ucie32b_txdata[14],234.74,75.64,R0,ve_ucie32b_txdata[14],ve_ucie32b_txdata[14]
UBUMP,ve_ucie32b_txdataRD[0],298.38,75.64,R0,ve_ucie32b_txdataRD[0],ve_ucie32b_txdataRD[0]
UBUMP,ve_vss_1,362.02,75.64,R0,vss,vss
UBUMP,ve_ucie32b_rxdata[4],12,107.46,R0,ve_ucie32b_rxdata[4],ve_ucie32b_rxdata[4]
UBUMP,ve_ucie32b_rxdata[21],75.64,107.46,R0,ve_ucie32b_rxdata[21],ve_ucie32b_rxdata[21]
UBUMP,ve_vss_2,139.28,107.46,R0,vss,vss
UBUMP,ve_ucie32b_txdata[30],202.92,107.46,R0,ve_ucie32b_txdata[30],ve_ucie32b_txdata[30]
UBUMP,ve_ucie32b_txdata[13],266.56,107.46,R0,ve_ucie32b_txdata[13],ve_ucie32b_txdata[13]
UBUMP,ve_gpio[0],330.2,107.46,R0,ve_gpio[0],ve_gpio[0]
UBUMP,ve_ucie32b_rxdata[6],43.82,139.28,R0,ve_ucie32b_rxdata[6],ve_ucie32b_rxdata[6]
UBUMP,ve_ucie32b_rxdata[23],107.46,139.28,R0,ve_ucie32b_rxdata[23],ve_ucie32b_rxdata[23]
UBUMP,ve_ucie32b_txdataRD[1],171.1,139.28,R0,ve_ucie32b_txdataRD[1],ve_ucie32b_txdataRD[1]
UBUMP,ve_ucie32b_txdata[15],234.74,139.28,R0,ve_ucie32b_txdata[15],ve_ucie32b_txdata[15]
UBUMP,ve_vss_3,298.38,139.28,R0,vss,vss
UBUMP,ve_vss_4,362.02,139.28,R0,vss,vss
UBUMP,ve_vss_5,12,171.1,R0,vss,vss
UBUMP,ve_vss_6,75.64,171.1,R0,vss,vss
UBUMP,ve_ucie32b_rxckp,139.28,171.1,R0,ve_ucie32b_rxckp,ve_ucie32b_rxckp
UBUMP,ve_ucie32b_txdata[29],202.92,171.1,R0,ve_ucie32b_txdata[29],ve_ucie32b_txdata[29]
UBUMP,ve_ucie32b_txdata[12],266.56,171.1,R0,ve_ucie32b_txdata[12],ve_ucie32b_txdata[12]
UBUMP,ve_gpio[1],330.2,171.1,R0,ve_gpio[1],ve_gpio[1]
UBUMP,ve_ucie32b_rxdata[7],43.82,202.92,R0,ve_ucie32b_rxdata[7],ve_ucie32b_rxdata[7]
UBUMP,ve_vss_7,107.46,202.92,R0,vss,vss
UBUMP,ve_vss_8,171.1,202.92,R0,vss,vss
UBUMP,ve_vss_9,234.74,202.92,R0,vss,vss
UBUMP,ve_ucie32b_txdata[0],298.38,202.92,R0,ve_ucie32b_txdata[0],ve_ucie32b_txdata[0]
UBUMP,ve_vss_10,362.02,202.92,R0,vss,vss
UBUMP,ve_ucie32b_rxdata[3],12,234.74,R0,ve_ucie32b_rxdata[3],ve_ucie32b_rxdata[3]
UBUMP,ve_ucie32b_rxdata[20],75.64,234.74,R0,ve_ucie32b_rxdata[20],ve_ucie32b_rxdata[20]
UBUMP,ve_ucie32b_rxckn,139.28,234.74,R0,ve_ucie32b_rxckn,ve_ucie32b_rxckn
UBUMP,ve_ucie32b_txdata[28],202.92,234.74,R0,ve_ucie32b_txdata[28],ve_ucie32b_txdata[28]
UBUMP,ve_ucie32b_txdata[11],266.56,234.74,R0,ve_ucie32b_txdata[11],ve_ucie32b_txdata[11]
UBUMP,ve_gpio[3],330.2,234.74,R0,ve_gpio[3],ve_gpio[3]
UBUMP,ve_ucie32b_rxdata[8],43.82,266.56,R0,ve_ucie32b_rxdata[8],ve_ucie32b_rxdata[8]
UBUMP,ve_ucie32b_rxdata[24],107.46,266.56,R0,ve_ucie32b_rxdata[24],ve_ucie32b_rxdata[24]
UBUMP,ve_ucie32b_txvldRD,171.1,266.56,R0,ve_ucie32b_txvldRD,ve_ucie32b_txvldRD
UBUMP,ve_ucie32b_txdata[16],234.74,266.56,R0,ve_ucie32b_txdata[16],ve_ucie32b_txdata[16]
UBUMP,ve_ucie32b_txdata[1],298.38,266.56,R0,ve_ucie32b_txdata[1],ve_ucie32b_txdata[1]
UBUMP,ve_vss_11,362.02,266.56,R0,vss,vss
UBUMP,ve_ucie32b_rxdata[2],12,298.38,R0,ve_ucie32b_rxdata[2],ve_ucie32b_rxdata[2]
UBUMP,ve_ucie32b_rxdata[19],75.64,298.38,R0,ve_ucie32b_rxdata[19],ve_ucie32b_rxdata[19]
UBUMP,ve_ucie32b_rxckRD,139.28,298.38,R0,ve_ucie32b_rxckRD,ve_ucie32b_rxckRD
UBUMP,ve_ucie32b_txdata[27],202.92,298.38,R0,ve_ucie32b_txdata[27],ve_ucie32b_txdata[27]
UBUMP,ve_ucie32b_txdata[10],266.56,298.38,R0,ve_ucie32b_txdata[10],ve_ucie32b_txdata[10]
UBUMP,ve_vss_12,330.2,298.38,R0,vss,vss
UBUMP,ve_vccfwdio_5,43.82,330.2,R0,vccfwdio,vccfwdio
UBUMP,ve_vccfwdio_6,107.46,330.2,R0,vccfwdio,vccfwdio
UBUMP,ve_vccio_6,171.1,330.2,R0,vccio,vccio
UBUMP,ve_vccio_7,234.74,330.2,R0,vccio,vccio
UBUMP,ve_vccio_8,298.38,330.2,R0,vccio,vccio
UBUMP,ve_vss_13,362.02,330.2,R0,vss,vss
UBUMP,ve_vss_14,12,362.02,R0,vss,vss
UBUMP,ve_ucie32b_rxdata[18],75.64,362.02,R0,ve_ucie32b_rxdata[18],ve_ucie32b_rxdata[18]
UBUMP,ve_ucie32b_rxtrk,139.28,362.02,R0,ve_ucie32b_rxtrk,ve_ucie32b_rxtrk
UBUMP,ve_vss_15,202.92,362.02,R0,vss,vss
UBUMP,ve_ucie32b_txdata[9],266.56,362.02,R0,ve_ucie32b_txdata[9],ve_ucie32b_txdata[9]
UBUMP,ve_vddc_0,330.2,362.02,R0,vddc,vddc
UBUMP,ve_ucie32b_rxdata[9],43.82,393.84,R0,ve_ucie32b_rxdata[9],ve_ucie32b_rxdata[9]
UBUMP,ve_ucie32b_rxdata[25],107.46,393.84,R0,ve_ucie32b_rxdata[25],ve_ucie32b_rxdata[25]
UBUMP,ve_ucie32b_txvld,171.1,393.84,R0,ve_ucie32b_txvld,ve_ucie32b_txvld
UBUMP,ve_ucie32b_txdata[17],234.74,393.84,R0,ve_ucie32b_txdata[17],ve_ucie32b_txdata[17]
UBUMP,ve_ucie32b_txdata[2],298.38,393.84,R0,ve_ucie32b_txdata[2],ve_ucie32b_txdata[2]
UBUMP,ve_vss_16,362.02,393.84,R0,vss,vss
UBUMP,ve_ucie32b_rxdata[1],12,425.66,R0,ve_ucie32b_rxdata[1],ve_ucie32b_rxdata[1]
UBUMP,ve_ucie32b_rxdata[17],75.64,425.66,R0,ve_ucie32b_rxdata[17],ve_ucie32b_rxdata[17]
UBUMP,ve_vss_17,139.28,425.66,R0,vss,vss
UBUMP,ve_ucie32b_txdata[26],202.92,425.66,R0,ve_ucie32b_txdata[26],ve_ucie32b_txdata[26]
UBUMP,ve_vss_18,266.56,425.66,R0,vss,vss
UBUMP,ve_gpio[2],330.2,425.66,R0,ve_gpio[2],ve_gpio[2]
UBUMP,ve_vss_19,43.82,457.48,R0,vss,vss
UBUMP,ve_ucie32b_rxdata[26],107.46,457.48,R0,ve_ucie32b_rxdata[26],ve_ucie32b_rxdata[26]
UBUMP,ve_vss_20,171.1,457.48,R0,vss,vss
UBUMP,ve_ucie32b_txdata[18],234.74,457.48,R0,ve_ucie32b_txdata[18],ve_ucie32b_txdata[18]
UBUMP,ve_ucie32b_txdata[3],298.38,457.48,R0,ve_ucie32b_txdata[3],ve_ucie32b_txdata[3]
UBUMP,ve_vss_21,362.02,457.48,R0,vss,vss
UBUMP,ve_ucie32b_rxdata[0],12,489.3,R0,ve_ucie32b_rxdata[0],ve_ucie32b_rxdata[0]
UBUMP,ve_ucie32b_rxdata[16],75.64,489.3,R0,ve_ucie32b_rxdata[16],ve_ucie32b_rxdata[16]
UBUMP,ve_ucie32b_rxvld,139.28,489.3,R0,ve_ucie32b_rxvld,ve_ucie32b_rxvld
UBUMP,ve_ucie32b_txdata[25],202.92,489.3,R0,ve_ucie32b_txdata[25],ve_ucie32b_txdata[25]
UBUMP,ve_ucie32b_txdata[8],266.56,489.3,R0,ve_ucie32b_txdata[8],ve_ucie32b_txdata[8]
UBUMP,ve_gpio[4],330.2,489.3,R0,ve_gpio[4],ve_gpio[4]
UBUMP,ve_ucie32b_rxdata[10],43.82,521.12,R0,ve_ucie32b_rxdata[10],ve_ucie32b_rxdata[10]
UBUMP,ve_ucie32b_rxdata[27],107.46,521.12,R0,ve_ucie32b_rxdata[27],ve_ucie32b_rxdata[27]
UBUMP,ve_ucie32b_txtrk,171.1,521.12,R0,ve_ucie32b_txtrk,ve_ucie32b_txtrk
UBUMP,ve_ucie32b_txdata[19],234.74,521.12,R0,ve_ucie32b_txdata[19],ve_ucie32b_txdata[19]
UBUMP,ve_vss_22,298.38,521.12,R0,vss,vss
UBUMP,ve_vss_23,362.02,521.12,R0,vss,vss
UBUMP,ve_vss_24,12,552.94,R0,vss,vss
UBUMP,ve_vss_25,75.64,552.94,R0,vss,vss
UBUMP,ve_ucie32b_rxvldRD,139.28,552.94,R0,ve_ucie32b_rxvldRD,ve_ucie32b_rxvldRD
UBUMP,ve_ucie32b_txdata[24],202.92,552.94,R0,ve_ucie32b_txdata[24],ve_ucie32b_txdata[24]
UBUMP,ve_ucie32b_txdata[7],266.56,552.94,R0,ve_ucie32b_txdata[7],ve_ucie32b_txdata[7]
UBUMP,ve_gpio[6],330.2,552.94,R0,ve_gpio[6],ve_gpio[6]
UBUMP,ve_ucie32b_rxdata[11],43.82,584.76,R0,ve_ucie32b_rxdata[11],ve_ucie32b_rxdata[11]
UBUMP,ve_ucie32b_rxdata[28],107.46,584.76,R0,ve_ucie32b_rxdata[28],ve_ucie32b_rxdata[28]
UBUMP,ve_ucie32b_txckRD,171.1,584.76,R0,ve_ucie32b_txckRD,ve_ucie32b_txckRD
UBUMP,ve_vss_26,234.74,584.76,R0,vss,vss
UBUMP,ve_ucie32b_txdata[4],298.38,584.76,R0,ve_ucie32b_txdata[4],ve_ucie32b_txdata[4]
UBUMP,ve_vss_27,362.02,584.76,R0,vss,vss
UBUMP,ve_ucie32b_rxdataRD[0],12,616.58,R0,ve_ucie32b_rxdataRD[0],ve_ucie32b_rxdataRD[0]
UBUMP,ve_ucie32b_rxdata[15],75.64,616.58,R0,ve_ucie32b_rxdata[15],ve_ucie32b_rxdata[15]
UBUMP,ve_ucie32b_rxdataRD[1],139.28,616.58,R0,ve_ucie32b_rxdataRD[1],ve_ucie32b_rxdataRD[1]
UBUMP,ve_vss_28,202.92,616.58,R0,vss,vss
UBUMP,ve_ucie32b_txdata[6],266.56,616.58,R0,ve_ucie32b_txdata[6],ve_ucie32b_txdata[6]
UBUMP,ve_gpio[5],330.2,616.58,R0,ve_gpio[5],ve_gpio[5]
UBUMP,ve_ucie32b_rxdata[12],43.82,648.4,R0,ve_ucie32b_rxdata[12],ve_ucie32b_rxdata[12]
UBUMP,ve_ucie32b_rxdata[29],107.46,648.4,R0,ve_ucie32b_rxdata[29],ve_ucie32b_rxdata[29]
UBUMP,ve_ucie32b_txckn,171.1,648.4,R0,ve_ucie32b_txckn,ve_ucie32b_txckn
UBUMP,ve_ucie32b_txdata[20],234.74,648.4,R0,ve_ucie32b_txdata[20],ve_ucie32b_txdata[20]
UBUMP,ve_vccio_9,298.38,648.4,R0,vccio,vccio
UBUMP,ve_vss_29,362.02,648.4,R0,vss,vss
UBUMP,ve_vccio_10,12,680.22,R0,vccio,vccio
UBUMP,ve_ucie32b_rxdata[14],75.64,680.22,R0,ve_ucie32b_rxdata[14],ve_ucie32b_rxdata[14]
UBUMP,ve_vss_30,139.28,680.22,R0,vss,vss
UBUMP,ve_ucie32b_txdata[23],202.92,680.22,R0,ve_ucie32b_txdata[23],ve_ucie32b_txdata[23]
UBUMP,ve_ucie32b_txdata[5],266.56,680.22,R0,ve_ucie32b_txdata[5],ve_ucie32b_txdata[5]
UBUMP,ve_gpio[7],330.2,680.22,R0,ve_gpio[7],ve_gpio[7]
UBUMP,ve_ucie32b_rxdata[13],43.82,712.04,R0,ve_ucie32b_rxdata[13],ve_ucie32b_rxdata[13]
UBUMP,ve_ucie32b_rxdata[30],107.46,712.04,R0,ve_ucie32b_rxdata[30],ve_ucie32b_rxdata[30]
UBUMP,ve_ucie32b_txckp,171.1,712.04,R0,ve_ucie32b_txckp,ve_ucie32b_txckp
UBUMP,ve_ucie32b_txdata[21],234.74,712.04,R0,ve_ucie32b_txdata[21],ve_ucie32b_txdata[21]
UBUMP,ve_vss_31,298.38,712.04,R0,vss,vss
UBUMP,ve_vss_32,362.02,712.04,R0,vss,vss
UBUMP,ve_vccio_11,12,743.86,R0,vccio,vccio
UBUMP,ve_vccio_12,75.64,743.86,R0,vccio,vccio
UBUMP,ve_ucie32b_rxdata[31],139.28,743.86,R0,ve_ucie32b_rxdata[31],ve_ucie32b_rxdata[31]
UBUMP,ve_ucie32b_txdata[22],202.92,743.86,R0,ve_ucie32b_txdata[22],ve_ucie32b_txdata[22]
UBUMP,ve_vss_33,266.56,743.86,R0,vss,vss
UBUMP,ve_vss_34,330.2,743.86,R0,vss,vss
UBUMP,ve_ucie32b_txcksbRD,43.82,775.68,R0,ve_ucie32b_txcksbRD,ve_ucie32b_txcksbRD
UBUMP,ve_ucie32b_txcksb,107.46,775.68,R0,ve_ucie32b_txcksb,ve_ucie32b_txcksb
UBUMP,ve_vss_35,171.1,775.68,R0,vss,vss
UBUMP,ve_ucie32b_txdatasb,234.74,775.68,R0,ve_ucie32b_txdatasb,ve_ucie32b_txdatasb
UBUMP,ve_ucie32b_txdatasbRD,298.38,775.68,R0,ve_ucie32b_txdatasbRD,ve_ucie32b_txdatasbRD
UBUMP,ve_vss_36,362.02,775.68,R0,vss,vss
UBUMP,ve_ucie32b_rxdatasbRD,12,807.5,R0,ve_ucie32b_rxdatasbRD,ve_ucie32b_rxdatasbRD
UBUMP,ve_ucie32b_rxdatasb,75.64,807.5,R0,ve_ucie32b_rxdatasb,ve_ucie32b_rxdatasb
UBUMP,ve_vccio_13,139.28,807.5,R0,vccio,vccio
UBUMP,ve_ucie32b_rxcksb,202.92,807.5,R0,ve_ucie32b_rxcksb,ve_ucie32b_rxcksb
UBUMP,ve_ucie32b_rxcksbRD,266.56,807.5,R0,ve_ucie32b_rxcksbRD,ve_ucie32b_rxcksbRD
UBUMP,ve_vss_37,330.2,807.5,R0,vss,vss
UBUMP,ve_vss_38,43.82,839.32,R0,vss,vss
UBUMP,ve_vccio_14,107.46,839.32,R0,vccio,vccio
UBUMP,ve_vccio_15,171.1,839.32,R0,vccio,vccio
UBUMP,ve_vss_39,234.74,839.32,R0,vss,vss
UBUMP,ve_vss_40,298.38,839.32,R0,vss,vss
UBUMP,ve_vss_41,362.02,839.32,R0,vss,vss
UBUMP,ve_vss_42,12,871.14,R0,vss,vss
UBUMP,ve_vss_43,75.64,871.14,R0,vss,vss
UBUMP,ve_vccio_16,139.28,871.14,R0,vccio,vccio
UBUMP,ve_vccio_17,202.92,871.14,R0,vccio,vccio
UBUMP,ve_vss_44,266.56,871.14,R0,vss,vss
UBUMP,ve_vss_45,330.2,871.14,R0,vss,vss
UBUMP,ve_vss_46,43.82,902.96,R0,vss,vss
UBUMP,ve_vccio_18,107.46,902.96,R0,vccio,vccio
UBUMP,ve_vccio_19,171.1,902.96,R0,vccio,vccio
UBUMP,ve_vss_47,234.74,902.96,R0,vss,vss
UBUMP,ve_vss_48,298.38,902.96,R0,vss,vss
UBUMP,ve_vss_49,362.02,902.96,R0,vss,vss
UBUMP,ve_vss_50,12,934.78,R0,vss,vss
UBUMP,ve_vss_51,75.64,934.78,R0,vss,vss
UBUMP,ve_vccio_20,139.28,934.78,R0,vccio,vccio
UBUMP,ve_vccio_21,202.92,934.78,R0,vccio,vccio
UBUMP,ve_vss_52,266.56,934.78,R0,vss,vss
UBUMP,ve_vccio_22,330.2,934.78,R0,vccio,vccio
UBUMP,ve_vss_53,43.82,966.6,R0,vss,vss
UBUMP,ve_vss_54,107.46,966.6,R0,vss,vss
UBUMP,ve_vss_55,171.1,966.6,R0,vss,vss
UBUMP,ve_vss_56,234.74,966.6,R0,vss,vss
UBUMP,ve_vss_57,298.38,966.6,R0,vss,vss
UBUMP,ve_vss_58,362.02,966.6,R0,vss,vss
UBUMP,ve_vss_59,12,998.42,R0,vss,vss
UBUMP,ve_vss_60,75.64,998.42,R0,vss,vss
UBUMP,ve_vss_61,139.28,998.42,R0,vss,vss
UBUMP,ve_vss_62,202.92,998.42,R0,vss,vss
UBUMP,ve_vss_63,266.56,998.42,R0,vss,vss
UBUMP,ve_vddc_1,330.2,998.42,R0,vddc,vddc
UBUMP,ve_vss_64,43.82,1030.24,R0,vss,vss
UBUMP,ve_vccio_23,107.46,1030.24,R0,vccio,vccio
UBUMP,ve_vccio_24,171.1,1030.24,R0,vccio,vccio
UBUMP,ve_vccio_25,234.74,1030.24,R0,vccio,vccio
UBUMP,ve_vccio_26,298.38,1030.24,R0,vccio,vccio
UBUMP,ve_vss_65,362.02,1030.24,R0,vss,vss
UBUMP,ve_vss_66,12,1062.06,R0,vss,vss
UBUMP,ve_vss_67,75.64,1062.06,R0,vss,vss
UBUMP,ve_vss_68,139.28,1062.06,R0,vss,vss
UBUMP,ve_vss_69,202.92,1062.06,R0,vss,vss
UBUMP,ve_vss_70,266.56,1062.06,R0,vss,vss
UBUMP,ve_vss_71,330.2,1062.06,R0,vss,vss
UBUMP,ve_vccio_27,43.82,1093.88,R0,vccio,vccio
UBUMP,ve_vccio_28,107.46,1093.88,R0,vccio,vccio
UBUMP,ve_vccio_29,171.1,1093.88,R0,vccio,vccio
UBUMP,ve_vccio_30,234.74,1093.88,R0,vccio,vccio
UBUMP,ve_vccio_31,298.38,1093.88,R0,vccio,vccio
UBUMP,ve_vss_72,362.02,1093.88,R0,vss,vss
UBUMP,ve_vss_73,12,1125.7,R0,vss,vss
UBUMP,ve_vss_74,75.64,1125.7,R0,vss,vss
UBUMP,ve_vss_75,139.28,1125.7,R0,vss,vss
UBUMP,ve_vss_76,202.92,1125.7,R0,vss,vss
UBUMP,ve_vss_77,266.56,1125.7,R0,vss,vss
UBUMP,ve_vdd1p8_0,330.2,1125.7,R0,vdd1p8,vdd1p8
UBUMP,ve_vccio_32,43.82,1157.52,R0,vccio,vccio
UBUMP,ve_vccio_33,107.46,1157.52,R0,vccio,vccio
UBUMP,ve_vccio_34,171.1,1157.52,R0,vccio,vccio
UBUMP,ve_vccio_35,234.74,1157.52,R0,vccio,vccio
UBUMP,ve_vccio_36,298.38,1157.52,R0,vccio,vccio
UBUMP,ve_vss_78,362.02,1157.52,R0,vss,vss
UBUMP,ve_vss_79,12,1189.34,R0,vss,vss
UBUMP,ve_vss_80,75.64,1189.34,R0,vss,vss
UBUMP,ve_vss_81,139.28,1189.34,R0,vss,vss
UBUMP,ve_vss_82,202.92,1189.34,R0,vss,vss
UBUMP,ve_vss_83,266.56,1189.34,R0,vss,vss
UBUMP,ve_tap_tck,330.2,1189.34,R0,ve_tap_tck,ve_tap_tck
UBUMP,ve_vccio_37,43.82,1221.16,R0,vccio,vccio
UBUMP,ve_vccio_38,107.46,1221.16,R0,vccio,vccio
UBUMP,ve_vccio_39,171.1,1221.16,R0,vccio,vccio
UBUMP,ve_vccio_40,234.74,1221.16,R0,vccio,vccio
UBUMP,ve_vccio_41,298.38,1221.16,R0,vccio,vccio
UBUMP,ve_vss_84,362.02,1221.16,R0,vss,vss
UBUMP,ve_vss_85,12,1252.98,R0,vss,vss
UBUMP,ve_vss_86,75.64,1252.98,R0,vss,vss
UBUMP,ve_vss_87,139.28,1252.98,R0,vss,vss
UBUMP,ve_vss_88,202.92,1252.98,R0,vss,vss
UBUMP,ve_vss_89,266.56,1252.98,R0,vss,vss
UBUMP,ve_tap_rst,330.2,1252.98,R0,ve_tap_rst,ve_tap_rst
UBUMP,ve_vccio_42,43.82,1284.8,R0,vccio,vccio
UBUMP,ve_vccio_43,107.46,1284.8,R0,vccio,vccio
UBUMP,ve_vccio_44,171.1,1284.8,R0,vccio,vccio
UBUMP,ve_vccio_45,234.74,1284.8,R0,vccio,vccio
UBUMP,ve_vccio_46,298.38,1284.8,R0,vccio,vccio
UBUMP,ve_vss_90,362.02,1284.8,R0,vss,vss
UBUMP,ve_vss_91,12,1316.62,R0,vss,vss
UBUMP,ve_vss_92,75.64,1316.62,R0,vss,vss
UBUMP,ve_vss_93,139.28,1316.62,R0,vss,vss
UBUMP,ve_vss_94,202.92,1316.62,R0,vss,vss
UBUMP,ve_vss_95,266.56,1316.62,R0,vss,vss
UBUMP,ve_tap_tdi,330.2,1316.62,R0,ve_tap_tdi,ve_tap_tdi
UBUMP,ve_vccio_47,43.82,1348.44,R0,vccio,vccio
UBUMP,ve_vccio_48,107.46,1348.44,R0,vccio,vccio
UBUMP,ve_vccio_49,171.1,1348.44,R0,vccio,vccio
UBUMP,ve_vccio_50,234.74,1348.44,R0,vccio,vccio
UBUMP,ve_vccio_51,298.38,1348.44,R0,vccio,vccio
UBUMP,ve_vss_96,362.02,1348.44,R0,vss,vss
UBUMP,ve_vss_97,12,1380.26,R0,vss,vss
UBUMP,ve_vss_98,75.64,1380.26,R0,vss,vss
UBUMP,ve_vss_99,139.28,1380.26,R0,vss,vss
UBUMP,ve_vss_100,202.92,1380.26,R0,vss,vss
UBUMP,ve_vss_101,266.56,1380.26,R0,vss,vss
UBUMP,ve_tap_tms,330.2,1380.26,R0,ve_tap_tms,ve_tap_tms
UBUMP,ve_vccio_52,43.82,1412.08,R0,vccio,vccio
UBUMP,ve_vccio_53,107.46,1412.08,R0,vccio,vccio
UBUMP,ve_vccio_54,171.1,1412.08,R0,vccio,vccio
UBUMP,ve_vccio_55,234.74,1412.08,R0,vccio,vccio
UBUMP,ve_vccio_56,298.38,1412.08,R0,vccio,vccio
UBUMP,ve_vss_102,362.02,1412.08,R0,vss,vss
UBUMP,ve_vss_103,12,1443.9,R0,vss,vss
UBUMP,ve_vss_104,75.64,1443.9,R0,vss,vss
UBUMP,ve_vss_105,139.28,1443.9,R0,vss,vss
UBUMP,ve_vss_106,202.92,1443.9,R0,vss,vss
UBUMP,ve_vss_107,266.56,1443.9,R0,vss,vss
UBUMP,ve_tap_tdo,330.2,1443.9,R0,ve_tap_tdo,ve_tap_tdo
UBUMP,ve_vccio_57,43.82,1475.72,R0,vccio,vccio
UBUMP,ve_vccio_58,107.46,1475.72,R0,vccio,vccio
UBUMP,ve_vccio_59,171.1,1475.72,R0,vccio,vccio
UBUMP,ve_vccio_60,234.74,1475.72,R0,vccio,vccio
UBUMP,ve_vccio_61,298.38,1475.72,R0,vccio,vccio
UBUMP,ve_vss_108,362.02,1475.72,R0,vss,vss
UBUMP,ve_vss_109,12,1507.54,R0,vss,vss
UBUMP,ve_vss_110,75.64,1507.54,R0,vss,vss
UBUMP,ve_vss_111,139.28,1507.54,R0,vss,vss
UBUMP,ve_vss_112,202.92,1507.54,R0,vss,vss
UBUMP,ve_vss_113,266.56,1507.54,R0,vss,vss
UBUMP,ve_vddc_2,330.2,1507.54,R0,vddc,vddc
UBUMP,ve_vccio_62,43.82,1539.36,R0,vccio,vccio
UBUMP,ve_vccio_63,107.46,1539.36,R0,vccio,vccio
UBUMP,ve_vccio_64,171.1,1539.36,R0,vccio,vccio
UBUMP,ve_vccio_65,234.74,1539.36,R0,vccio,vccio
UBUMP,ve_vccio_66,298.38,1539.36,R0,vccio,vccio
UBUMP,ve_vss_114,362.02,1539.36,R0,vss,vss
UBUMP,ve_vss_115,12,1571.18,R0,vss,vss
UBUMP,ve_vss_116,75.64,1571.18,R0,vss,vss
UBUMP,ve_vss_117,139.28,1571.18,R0,vss,vss
UBUMP,ve_vss_118,202.92,1571.18,R0,vss,vss
UBUMP,ve_vss_119,266.56,1571.18,R0,vss,vss
UBUMP,ve_vss_120,330.2,1571.18,R0,vss,vss
UBUMP,ve_vccio_67,43.82,1603,R0,vccio,vccio
UBUMP,ve_vccio_68,107.46,1603,R0,vccio,vccio
UBUMP,ve_vccio_69,171.1,1603,R0,vccio,vccio
UBUMP,ve_vccio_70,234.74,1603,R0,vccio,vccio
UBUMP,ve_vccio_71,298.38,1603,R0,vccio,vccio
UBUMP,ve_vss_121,362.02,1603,R0,vss,vss
UBUMP,ve_vss_122,12,1634.82,R0,vss,vss
UBUMP,ve_vss_123,75.64,1634.82,R0,vss,vss
UBUMP,ve_vss_124,139.28,1634.82,R0,vss,vss
UBUMP,ve_vss_125,202.92,1634.82,R0,vss,vss
UBUMP,ve_vss_126,266.56,1634.82,R0,vss,vss
UBUMP,ve_vdd1p8_1,330.2,1634.82,R0,vdd1p8,vdd1p8
UBUMP,ve_vccio_72,43.82,1666.64,R0,vccio,vccio
UBUMP,ve_vccio_73,107.46,1666.64,R0,vccio,vccio
UBUMP,ve_vccio_74,171.1,1666.64,R0,vccio,vccio
UBUMP,ve_vccio_75,234.74,1666.64,R0,vccio,vccio
UBUMP,ve_vccio_76,298.38,1666.64,R0,vccio,vccio
UBUMP,ve_vss_127,362.02,1666.64,R0,vss,vss
UBUMP,ve_vss_128,12,1698.46,R0,vss,vss
UBUMP,ve_vss_129,75.64,1698.46,R0,vss,vss
UBUMP,ve_vss_130,139.28,1698.46,R0,vss,vss
UBUMP,ve_vss_131,202.92,1698.46,R0,vss,vss
UBUMP,ve_vss_132,266.56,1698.46,R0,vss,vss
UBUMP,ve_vccio_77,330.2,1698.46,R0,vccio,vccio
UBUMP,ve_vccio_78,43.82,1730.28,R0,vccio,vccio
UBUMP,ve_vccio_79,107.46,1730.28,R0,vccio,vccio
UBUMP,ve_vccio_80,171.1,1730.28,R0,vccio,vccio
UBUMP,ve_vccio_81,234.74,1730.28,R0,vccio,vccio
UBUMP,ve_vccio_82,298.38,1730.28,R0,vccio,vccio
UBUMP,ve_vss_133,362.02,1730.28,R0,vss,vss
UBUMP,ve_vss_134,12,1762.1,R0,vss,vss
UBUMP,ve_vss_135,75.64,1762.1,R0,vss,vss
UBUMP,ve_vss_136,139.28,1762.1,R0,vss,vss
UBUMP,ve_vss_137,202.92,1762.1,R0,vss,vss
UBUMP,ve_vss_138,266.56,1762.1,R0,vss,vss
UBUMP,ve_vccio_83,330.2,1762.1,R0,vccio,vccio
UBUMP,ve_vccio_84,43.82,1793.92,R0,vccio,vccio
UBUMP,ve_vccio_85,107.46,1793.92,R0,vccio,vccio
UBUMP,ve_vccio_86,171.1,1793.92,R0,vccio,vccio
UBUMP,ve_vccio_87,234.74,1793.92,R0,vccio,vccio
UBUMP,ve_vccio_88,298.38,1793.92,R0,vccio,vccio
UBUMP,ve_vss_139,362.02,1793.92,R0,vss,vss
UBUMP,ve_vss_140,12,1825.74,R0,vss,vss
UBUMP,ve_vss_141,75.64,1825.74,R0,vss,vss
UBUMP,ve_vss_142,139.28,1825.74,R0,vss,vss
UBUMP,ve_vss_143,202.92,1825.74,R0,vss,vss
UBUMP,ve_vss_144,266.56,1825.74,R0,vss,vss
UBUMP,ve_vccio_89,330.2,1825.74,R0,vccio,vccio
UBUMP,ve_vccio_90,43.82,1857.56,R0,vccio,vccio
UBUMP,ve_vccio_91,107.46,1857.56,R0,vccio,vccio
UBUMP,ve_vccio_92,171.1,1857.56,R0,vccio,vccio
UBUMP,ve_vccio_93,234.74,1857.56,R0,vccio,vccio
UBUMP,ve_vccio_94,298.38,1857.56,R0,vccio,vccio
UBUMP,ve_vss_145,362.02,1857.56,R0,vss,vss
UBUMP,ve_vss_146,12,1889.38,R0,vss,vss
UBUMP,ve_vss_147,75.64,1889.38,R0,vss,vss
UBUMP,ve_vss_148,139.28,1889.38,R0,vss,vss
UBUMP,ve_vss_149,202.92,1889.38,R0,vss,vss
UBUMP,ve_vss_150,266.56,1889.38,R0,vss,vss
UBUMP,ve_vccio_95,330.2,1889.38,R0,vccio,vccio
UBUMP,ve_vccio_96,43.82,1921.2,R0,vccio,vccio
UBUMP,ve_vccio_97,107.46,1921.2,R0,vccio,vccio
UBUMP,ve_vccio_98,171.1,1921.2,R0,vccio,vccio
UBUMP,ve_vccio_99,234.74,1921.2,R0,vccio,vccio
UBUMP,ve_vccio_100,298.38,1921.2,R0,vccio,vccio
UBUMP,ve_vss_151,362.02,1921.2,R0,vss,vss
UBUMP,ve_vss_152,12,1953.02,R0,vss,vss
UBUMP,ve_vss_153,75.64,1953.02,R0,vss,vss
UBUMP,ve_vss_154,139.28,1953.02,R0,vss,vss
UBUMP,ve_vss_155,202.92,1953.02,R0,vss,vss
UBUMP,ve_vss_156,266.56,1953.02,R0,vss,vss
UBUMP,ve_vccio_101,330.2,1953.02,R0,vccio,vccio
UBUMP,ve_vccio_102,43.82,1984.84,R0,vccio,vccio
UBUMP,ve_vccio_103,107.46,1984.84,R0,vccio,vccio
UBUMP,ve_vccio_104,171.1,1984.84,R0,vccio,vccio
UBUMP,ve_vccio_105,234.74,1984.84,R0,vccio,vccio
UBUMP,ve_vccio_106,298.38,1984.84,R0,vccio,vccio
UBUMP,ve_vss_157,362.02,1984.84,R0,vss,vss
UBUMP,ve_vss_158,12,2016.66,R0,vss,vss
UBUMP,ve_vss_159,75.64,2016.66,R0,vss,vss
UBUMP,ve_vss_160,139.28,2016.66,R0,vss,vss
UBUMP,ve_vss_161,202.92,2016.66,R0,vss,vss
UBUMP,ve_vss_162,266.56,2016.66,R0,vss,vss
UBUMP,ve_vccio_107,330.2,2016.66,R0,vccio,vccio
UBUMP,ve_vccio_108,43.82,2048.48,R0,vccio,vccio
UBUMP,ve_vccio_109,107.46,2048.48,R0,vccio,vccio
UBUMP,ve_vccio_110,171.1,2048.48,R0,vccio,vccio
UBUMP,ve_vccio_111,234.74,2048.48,R0,vccio,vccio
UBUMP,ve_vccio_112,298.38,2048.48,R0,vccio,vccio
UBUMP,ve_vss_163,362.02,2048.48,R0,vss,vss
UBUMP,ve_vss_164,12,2080.3,R0,vss,vss
UBUMP,ve_vss_165,75.64,2080.3,R0,vss,vss
UBUMP,ve_vss_166,139.28,2080.3,R0,vss,vss
UBUMP,ve_vss_167,202.92,2080.3,R0,vss,vss
UBUMP,ve_vss_168,266.56,2080.3,R0,vss,vss
UBUMP,ve_vccio_113,330.2,2080.3,R0,vccio,vccio
UBUMP,ve_vccio_114,43.82,2112.12,R0,vccio,vccio
UBUMP,ve_vccio_115,107.46,2112.12,R0,vccio,vccio
UBUMP,ve_vccio_116,171.1,2112.12,R0,vccio,vccio
UBUMP,ve_vccio_117,234.74,2112.12,R0,vccio,vccio
UBUMP,ve_vccio_118,298.38,2112.12,R0,vccio,vccio
UBUMP,ve_vss_169,362.02,2112.12,R0,vss,vss
UBUMP,ve_vccio_119,12,2143.94,R0,vccio,vccio
UBUMP,ve_vccio_120,75.64,2143.94,R0,vccio,vccio
UBUMP,ve_vss_170,139.28,2143.94,R0,vss,vss
UBUMP,ve_vccio_121,202.92,2143.94,R0,vccio,vccio
UBUMP,ve_vss_171,266.56,2143.94,R0,vss,vss
UBUMP,ve_vss_172,330.2,2143.94,R0,vss,vss
UBUMP,ve_vccio_122,43.82,2175.76,R0,vccio,vccio
UBUMP,ve_vss_173,107.46,2175.76,R0,vss,vss
UBUMP,ve_vccio_123,171.1,2175.76,R0,vccio,vccio
UBUMP,ve_vccio_124,234.74,2175.76,R0,vccio,vccio
UBUMP,ve_vccio_125,298.38,2175.76,R0,vccio,vccio
UBUMP,ve_vss_174,362.02,2175.76,R0,vss,vss
UBUMP,ve_pcie_clk,12,2207.58,R0,ve_pcie_clk,ve_pcie_clk
UBUMP,ve_pcie_rst_n,75.64,2207.58,R0,ve_pcie_rst_n,ve_pcie_rst_n
UBUMP,ve_vss_175,139.28,2207.58,R0,vss,vss
UBUMP,ve_vdd1p8_2,202.92,2207.58,R0,vdd1p8,vdd1p8
UBUMP,ve_vccio_126,266.56,2207.58,R0,vccio,vccio
UBUMP,ve_vdd1p8_3,330.2,2207.58,R0,vdd1p8,vdd1p8
UBUMP,ve_pcie_rx_n,43.82,2239.4,R0,ve_pcie_rx_n,ve_pcie_rx_n
UBUMP,ve_pcie_rx_p,107.46,2239.4,R0,ve_pcie_rx_p,ve_pcie_rx_p
UBUMP,ve_pcie_tx_n,171.1,2239.4,R0,ve_pcie_tx_n,ve_pcie_tx_n
UBUMP,ve_pcie_tx_p,234.74,2239.4,R0,ve_pcie_tx_p,ve_pcie_tx_p
UBUMP,ve_vddc_3,298.38,2239.4,R0,vddc,vddc
UBUMP,ve_vss_176,362.02,2239.4,R0,vss,vss
