Reference_name,C4_inst,X_origin,Y_origin,Orientation,Port_name,Net_name
C4BUMP,db_0,114,114,R0,,
C4BUMP,db_1,232,114,R0,,
C4BUMP,db_2,350,114,R0,,
C4BUMP,db_3,468,114,R0,,
C4BUMP,db_4,586,114,R0,,
C4BUMP,db_5,704,114,R0,,
C4BUMP,db_6,822,114,R0,,
C4BUMP,db_7,940,114,R0,,
C4BUMP,db_8,1058,114,R0,,
C4BUMP,db_9,1176,114,R0,,
C4BUMP,db_10,1294,114,R0,,
C4BUMP,db_11,1412,114,R0,,
C4BUMP,db_12,1530,114,R0,,
C4BUMP,db_13,1648,114,R0,,
C4BUMP,db_14,1766,114,R0,,
C4BUMP,db_15,1884,114,R0,,
C4BUMP,db_16,2002,114,R0,,
C4BUMP,db_17,2120,114,R0,,
C4BUMP,db_18,2238,114,R0,,
C4BUMP,db_19,114,232,R0,,
C4BUMP,db_20,232,232,R0,,
C4BUMP,db_21,350,232,R0,,
C4BUMP,db_22,468,232,R0,,
C4BUMP,db_23,586,232,R0,,
C4BUMP,db_24,704,232,R0,,
C4BUMP,db_25,822,232,R0,,
C4BUMP,db_26,940,232,R0,,
C4BUMP,db_27,1058,232,R0,,
C4BUMP,db_28,1176,232,R0,,
C4BUMP,db_29,1294,232,R0,,
C4BUMP,db_30,1412,232,R0,,
C4BUMP,db_31,1530,232,R0,,
C4BUMP,db_32,1648,232,R0,,
C4BUMP,db_33,1766,232,R0,,
C4BUMP,db_34,1884,232,R0,,
C4BUMP,db_35,2002,232,R0,,
C4BUMP,db_36,2120,232,R0,,
C4BUMP,db_37,2238,232,R0,,
C4BUMP,db_38,114,350,R0,,
C4BUMP,db_39,232,350,R0,,
C4BUMP,db_40,350,350,R0,,
C4BUMP,db_41,468,350,R0,,
C4BUMP,db_42,586,350,R0,,
C4BUMP,db_43,704,350,R0,,
C4BUMP,db_44,822,350,R0,,
C4BUMP,db_45,940,350,R0,,
C4BUMP,db_46,1058,350,R0,,
C4BUMP,db_47,1176,350,R0,,
C4BUMP,db_48,1294,350,R0,,
C4BUMP,db_49,1412,350,R0,,
C4BUMP,db_50,1530,350,R0,,
C4BUMP,db_51,1648,350,R0,,
C4BUMP,db_52,1766,350,R0,,
C4BUMP,db_53,1884,350,R0,,
C4BUMP,db_54,2002,350,R0,,
C4BUMP,db_55,2120,350,R0,,
C4BUMP,db_56,2238,350,R0,,
C4BUMP,db_57,114,468,R0,,
C4BUMP,db_58,232,468,R0,,
C4BUMP,db_59,350,468,R0,,
C4BUMP,db_60,468,468,R0,,
C4BUMP,db_61,586,468,R0,,
C4BUMP,db_62,704,468,R0,,
C4BUMP,db_63,822,468,R0,,
C4BUMP,db_64,940,468,R0,,
C4BUMP,db_65,1058,468,R0,,
C4BUMP,db_66,1176,468,R0,,
C4BUMP,db_67,1294,468,R0,,
C4BUMP,db_68,1412,468,R0,,
C4BUMP,db_69,1530,468,R0,,
C4BUMP,db_70,1648,468,R0,,
C4BUMP,db_71,1766,468,R0,,
C4BUMP,db_72,1884,468,R0,,
C4BUMP,db_73,2002,468,R0,,
C4BUMP,db_74,2120,468,R0,,
C4BUMP,db_75,2238,468,R0,,
C4BUMP,db_76,114,586,R0,,
C4BUMP,db_77,232,586,R0,,
C4BUMP,db_78,350,586,R0,,
C4BUMP,db_79,468,586,R0,,
C4BUMP,db_80,586,586,R0,,
C4BUMP,db_81,704,586,R0,,
C4BUMP,db_82,822,586,R0,,
C4BUMP,db_83,940,586,R0,,
C4BUMP,db_84,1058,586,R0,,
C4BUMP,db_85,1176,586,R0,,
C4BUMP,db_86,1294,586,R0,,
C4BUMP,db_87,1412,586,R0,,
C4BUMP,db_88,1530,586,R0,,
C4BUMP,db_89,1648,586,R0,,
C4BUMP,db_90,1766,586,R0,,
C4BUMP,db_91,1884,586,R0,,
C4BUMP,db_92,2002,586,R0,,
C4BUMP,db_93,2120,586,R0,,
C4BUMP,db_94,2238,586,R0,,
C4BUMP,db_95,114,704,R0,,
C4BUMP,db_96,232,704,R0,,
C4BUMP,db_97,350,704,R0,,
C4BUMP,db_98,468,704,R0,,
C4BUMP,db_99,586,704,R0,,
C4BUMP,vss_0,704,704,R0,vss_0,vss
C4BUMP,er_i2c_sda,822,704,R0,er_i2c_sda,er_i2c_sda
C4BUMP,er_i2c_scl,940,704,R0,er_i2c_scl,er_i2c_scl
C4BUMP,er_tap_rst,1058,704,R0,er_tap_rst,er_tap_rst
C4BUMP,er_tap_tck,1176,704,R0,er_tap_tck,er_tap_tck
C4BUMP,er_tap_tms,1294,704,R0,er_tap_tms,er_tap_tms
C4BUMP,er_tap_tdi,1412,704,R0,er_tap_tdi,er_tap_tdi
C4BUMP,er_tap_tdo,1530,704,R0,er_tap_tdo,er_tap_tdo
C4BUMP,vccio_0,1648,704,R0,vccio_0,vccio
C4BUMP,db_100,1766,704,R0,,
C4BUMP,db_101,1884,704,R0,,
C4BUMP,db_102,2002,704,R0,,
C4BUMP,db_103,2120,704,R0,,
C4BUMP,db_104,2238,704,R0,,
C4BUMP,db_105,114,822,R0,,
C4BUMP,db_106,232,822,R0,,
C4BUMP,db_107,350,822,R0,,
C4BUMP,db_108,468,822,R0,,
C4BUMP,db_109,586,822,R0,,
C4BUMP,vccio_1,704,822,R0,vccio_1,vccio
C4BUMP,vss_1,822,822,R0,vss_1,vss
C4BUMP,vccio_2,940,822,R0,vccio_2,vccio
C4BUMP,vss_2,1058,822,R0,vss_2,vss
C4BUMP,vccio_3,1176,822,R0,vccio_3,vccio
C4BUMP,vss_3,1294,822,R0,vss_3,vss
C4BUMP,vccio_4,1412,822,R0,vccio_4,vccio
C4BUMP,vss_4,1530,822,R0,vss_4,vss
C4BUMP,vccio_5,1648,822,R0,vccio_5,vccio
C4BUMP,db_110,1766,822,R0,,
C4BUMP,db_111,1884,822,R0,,
C4BUMP,db_112,2002,822,R0,,
C4BUMP,db_113,2120,822,R0,,
C4BUMP,db_114,2238,822,R0,,
C4BUMP,db_115,114,940,R0,,
C4BUMP,db_116,232,940,R0,,
C4BUMP,db_117,350,940,R0,,
C4BUMP,db_118,468,940,R0,,
C4BUMP,db_119,586,940,R0,,
C4BUMP,vss_5,704,940,R0,vss_5,vss
C4BUMP,vccio_6,822,940,R0,vccio_6,vccio
C4BUMP,vss_6,940,940,R0,vss_6,vss
C4BUMP,vccio_7,1058,940,R0,vccio_7,vccio
C4BUMP,vss_7,1176,940,R0,vss_7,vss
C4BUMP,vccio_8,1294,940,R0,vccio_8,vccio
C4BUMP,vss_8,1412,940,R0,vss_8,vss
C4BUMP,vccio_9,1530,940,R0,vccio_9,vccio
C4BUMP,vss_9,1648,940,R0,vss_9,vss
C4BUMP,db_120,1766,940,R0,,
C4BUMP,db_121,1884,940,R0,,
C4BUMP,db_122,2002,940,R0,,
C4BUMP,db_123,2120,940,R0,,
C4BUMP,db_124,2238,940,R0,,
C4BUMP,db_125,114,1058,R0,,
C4BUMP,db_126,232,1058,R0,,
C4BUMP,db_127,350,1058,R0,,
C4BUMP,db_128,468,1058,R0,,
C4BUMP,db_129,586,1058,R0,,
C4BUMP,vccio_10,704,1058,R0,vccio_10,vccio
C4BUMP,vss_10,822,1058,R0,vss_10,vss
C4BUMP,vccio_11,940,1058,R0,vccio_11,vccio
C4BUMP,vss_11,1058,1058,R0,vss_11,vss
C4BUMP,vccio_12,1176,1058,R0,vccio_12,vccio
C4BUMP,vss_12,1294,1058,R0,vss_12,vss
C4BUMP,vccio_13,1412,1058,R0,vccio_13,vccio
C4BUMP,vss_13,1530,1058,R0,vss_13,vss
C4BUMP,er_gpio[0],1648,1058,R0,er_gpio[0],er_gpio[0]
C4BUMP,db_130,1766,1058,R0,,
C4BUMP,db_131,1884,1058,R0,,
C4BUMP,db_132,2002,1058,R0,,
C4BUMP,db_133,2120,1058,R0,,
C4BUMP,db_134,2238,1058,R0,,
C4BUMP,db_135,114,1176,R0,,
C4BUMP,db_136,232,1176,R0,,
C4BUMP,db_137,350,1176,R0,,
C4BUMP,db_138,468,1176,R0,,
C4BUMP,db_139,586,1176,R0,,
C4BUMP,vss_14,704,1176,R0,vss_14,vss
C4BUMP,vccio_14,822,1176,R0,vccio_14,vccio
C4BUMP,vss_15,940,1176,R0,vss_15,vss
C4BUMP,vccio_15,1058,1176,R0,vccio_15,vccio
C4BUMP,vss_16,1176,1176,R0,vss_16,vss
C4BUMP,vccio_16,1294,1176,R0,vccio_16,vccio
C4BUMP,vss_17,1412,1176,R0,vss_17,vss
C4BUMP,vccio_17,1530,1176,R0,vccio_17,vccio
C4BUMP,er_gpio[1],1648,1176,R0,er_gpio[1],er_gpio[1]
C4BUMP,db_140,1766,1176,R0,,
C4BUMP,db_141,1884,1176,R0,,
C4BUMP,db_142,2002,1176,R0,,
C4BUMP,db_143,2120,1176,R0,,
C4BUMP,db_144,2238,1176,R0,,
C4BUMP,db_145,114,1294,R0,,
C4BUMP,db_146,232,1294,R0,,
C4BUMP,db_147,350,1294,R0,,
C4BUMP,db_148,468,1294,R0,,
C4BUMP,db_149,586,1294,R0,,
C4BUMP,vccio_18,704,1294,R0,vccio_18,vccio
C4BUMP,vss_18,822,1294,R0,vss_18,vss
C4BUMP,vccio_19,940,1294,R0,vccio_19,vccio
C4BUMP,vss_19,1058,1294,R0,vss_19,vss
C4BUMP,vccio_20,1176,1294,R0,vccio_20,vccio
C4BUMP,vss_20,1294,1294,R0,vss_20,vss
C4BUMP,vccio_21,1412,1294,R0,vccio_21,vccio
C4BUMP,vss_21,1530,1294,R0,vss_21,vss
C4BUMP,er_gpio[3],1648,1294,R0,er_gpio[3],er_gpio[3]
C4BUMP,db_150,1766,1294,R0,,
C4BUMP,db_151,1884,1294,R0,,
C4BUMP,db_152,2002,1294,R0,,
C4BUMP,db_153,2120,1294,R0,,
C4BUMP,db_154,2238,1294,R0,,
C4BUMP,db_155,114,1412,R0,,
C4BUMP,db_156,232,1412,R0,,
C4BUMP,db_157,350,1412,R0,,
C4BUMP,db_158,468,1412,R0,,
C4BUMP,db_159,586,1412,R0,,
C4BUMP,vccio_22,704,1412,R0,vccio_22,vccio
C4BUMP,vss_22,822,1412,R0,vss_22,vss
C4BUMP,vccio_23,940,1412,R0,vccio_23,vccio
C4BUMP,vccio_24,1058,1412,R0,vccio_24,vccio
C4BUMP,vccio_25,1176,1412,R0,vccio_25,vccio
C4BUMP,vss_23,1294,1412,R0,vss_23,vss
C4BUMP,vccio_26,1412,1412,R0,vccio_26,vccio
C4BUMP,vss_24,1530,1412,R0,vss_24,vss
C4BUMP,vss_25,1648,1412,R0,vss_25,vss
C4BUMP,db_160,1766,1412,R0,,
C4BUMP,db_161,1884,1412,R0,,
C4BUMP,db_162,2002,1412,R0,,
C4BUMP,db_163,2120,1412,R0,,
C4BUMP,db_164,2238,1412,R0,,
C4BUMP,db_165,114,1530,R0,,
C4BUMP,db_166,232,1530,R0,,
C4BUMP,db_167,350,1530,R0,,
C4BUMP,db_168,468,1530,R0,,
C4BUMP,db_169,586,1530,R0,,
C4BUMP,vss_26,704,1530,R0,vss_26,vss
C4BUMP,vccio_27,822,1530,R0,vccio_27,vccio
C4BUMP,vss_27,940,1530,R0,vss_27,vss
C4BUMP,vccio_28,1058,1530,R0,vccio_28,vccio
C4BUMP,vss_28,1176,1530,R0,vss_28,vss
C4BUMP,vccio_29,1294,1530,R0,vccio_29,vccio
C4BUMP,vss_29,1412,1530,R0,vss_29,vss
C4BUMP,vccio_30,1530,1530,R0,vccio_30,vccio
C4BUMP,er_gpio[2],1648,1530,R0,er_gpio[2],er_gpio[2]
C4BUMP,db_170,1766,1530,R0,,
C4BUMP,db_171,1884,1530,R0,,
C4BUMP,db_172,2002,1530,R0,,
C4BUMP,db_173,2120,1530,R0,,
C4BUMP,db_174,2238,1530,R0,,
C4BUMP,db_175,114,1648,R0,,
C4BUMP,db_176,232,1648,R0,,
C4BUMP,db_177,350,1648,R0,,
C4BUMP,db_178,468,1648,R0,,
C4BUMP,db_179,586,1648,R0,,
C4BUMP,vccio_31,704,1648,R0,vccio_31,vccio
C4BUMP,vss_30,822,1648,R0,vss_30,vss
C4BUMP,vccio_32,940,1648,R0,vccio_32,vccio
C4BUMP,vss_31,1058,1648,R0,vss_31,vss
C4BUMP,vccio_33,1176,1648,R0,vccio_33,vccio
C4BUMP,vss_32,1294,1648,R0,vss_32,vss
C4BUMP,vccio_34,1412,1648,R0,vccio_34,vccio
C4BUMP,vss_33,1530,1648,R0,vss_33,vss
C4BUMP,er_gpio[4],1648,1648,R0,er_gpio[4],er_gpio[4]
C4BUMP,db_180,1766,1648,R0,,
C4BUMP,db_181,1884,1648,R0,,
C4BUMP,db_182,2002,1648,R0,,
C4BUMP,db_183,2120,1648,R0,,
C4BUMP,db_184,2238,1648,R0,,
C4BUMP,db_185,114,1766,R0,,
C4BUMP,db_186,232,1766,R0,,
C4BUMP,db_187,350,1766,R0,,
C4BUMP,db_188,468,1766,R0,,
C4BUMP,db_189,586,1766,R0,,
C4BUMP,vss_34,704,1766,R0,vss_34,vss
C4BUMP,vccio_35,822,1766,R0,vccio_35,vccio
C4BUMP,vss_35,940,1766,R0,vss_35,vss
C4BUMP,vccio_36,1058,1766,R0,vccio_36,vccio
C4BUMP,vss_36,1176,1766,R0,vss_36,vss
C4BUMP,vccio_37,1294,1766,R0,vccio_37,vccio
C4BUMP,vss_37,1412,1766,R0,vss_37,vss
C4BUMP,vccio_38,1530,1766,R0,vccio_38,vccio
C4BUMP,er_gpio[6],1648,1766,R0,er_gpio[6],er_gpio[6]
C4BUMP,db_190,1766,1766,R0,,
C4BUMP,db_191,1884,1766,R0,,
C4BUMP,db_192,2002,1766,R0,,
C4BUMP,db_193,2120,1766,R0,,
C4BUMP,db_194,2238,1766,R0,,
C4BUMP,db_195,114,1884,R0,,
C4BUMP,db_196,232,1884,R0,,
C4BUMP,db_197,350,1884,R0,,
C4BUMP,db_198,468,1884,R0,,
C4BUMP,db_199,586,1884,R0,,
C4BUMP,vss_38,704,1884,R0,vss_38,vss
C4BUMP,vss_39,822,1884,R0,vss_39,vss
C4BUMP,vccio_39,940,1884,R0,vccio_39,vccio
C4BUMP,vss_40,1058,1884,R0,vss_40,vss
C4BUMP,vccio_40,1176,1884,R0,vccio_40,vccio
C4BUMP,vss_41,1294,1884,R0,vss_41,vss
C4BUMP,vccio_41,1412,1884,R0,vccio_41,vccio
C4BUMP,vss_42,1530,1884,R0,vss_42,vss
C4BUMP,er_gpio[5],1648,1884,R0,er_gpio[5],er_gpio[5]
C4BUMP,db_200,1766,1884,R0,,
C4BUMP,db_201,1884,1884,R0,,
C4BUMP,db_202,2002,1884,R0,,
C4BUMP,db_203,2120,1884,R0,,
C4BUMP,db_204,2238,1884,R0,,
C4BUMP,db_205,114,2002,R0,,
C4BUMP,db_206,232,2002,R0,,
C4BUMP,db_207,350,2002,R0,,
C4BUMP,db_208,468,2002,R0,,
C4BUMP,db_209,586,2002,R0,,
C4BUMP,vss_43,704,2002,R0,vss_43,vss
C4BUMP,vss_44,822,2002,R0,vss_44,vss
C4BUMP,vss_45,940,2002,R0,vss_45,vss
C4BUMP,vccio_42,1058,2002,R0,vccio_42,vccio
C4BUMP,vss_46,1176,2002,R0,vss_46,vss
C4BUMP,vccio_43,1294,2002,R0,vccio_43,vccio
C4BUMP,vss_47,1412,2002,R0,vss_47,vss
C4BUMP,vccfwdio_0,1530,2002,R0,vccfwdio_0,vccfwdio
C4BUMP,er_gpio[7],1648,2002,R0,er_gpio[7],er_gpio[7]
C4BUMP,db_210,1766,2002,R0,,
C4BUMP,db_211,1884,2002,R0,,
C4BUMP,db_212,2002,2002,R0,,
C4BUMP,db_213,2120,2002,R0,,
C4BUMP,db_214,2238,2002,R0,,
C4BUMP,db_215,114,2120,R0,,
C4BUMP,db_216,232,2120,R0,,
C4BUMP,db_217,350,2120,R0,,
C4BUMP,db_218,468,2120,R0,,
C4BUMP,db_219,586,2120,R0,,
C4BUMP,vss_48,704,2120,R0,vss_48,vss
C4BUMP,vss_49,822,2120,R0,vss_49,vss
C4BUMP,vccio_44,940,2120,R0,vccio_44,vccio
C4BUMP,vss_50,1058,2120,R0,vss_50,vss
C4BUMP,vccio_45,1176,2120,R0,vccio_45,vccio
C4BUMP,vss_51,1294,2120,R0,vss_51,vss
C4BUMP,vccio_46,1412,2120,R0,vccio_46,vccio
C4BUMP,vss_52,1530,2120,R0,vss_52,vss
C4BUMP,vss_53,1648,2120,R0,vss_53,vss
C4BUMP,db_220,1766,2120,R0,,
C4BUMP,db_221,1884,2120,R0,,
C4BUMP,db_222,2002,2120,R0,,
C4BUMP,db_223,2120,2120,R0,,
C4BUMP,db_224,2238,2120,R0,,
C4BUMP,db_225,114,2238,R0,,
C4BUMP,db_226,232,2238,R0,,
C4BUMP,db_227,350,2238,R0,,
C4BUMP,db_228,468,2238,R0,,
C4BUMP,db_229,586,2238,R0,,
C4BUMP,vss_54,704,2238,R0,vss_54,vss
C4BUMP,vccio_47,822,2238,R0,vccio_47,vccio
C4BUMP,vss_55,940,2238,R0,vss_55,vss
C4BUMP,vccio_48,1058,2238,R0,vccio_48,vccio
C4BUMP,vss_56,1176,2238,R0,vss_56,vss
C4BUMP,vccio_49,1294,2238,R0,vccio_49,vccio
C4BUMP,vss_57,1412,2238,R0,vss_57,vss
C4BUMP,vccio_50,1530,2238,R0,vccio_50,vccio
C4BUMP,vccio_51,1648,2238,R0,vccio_51,vccio
C4BUMP,db_230,1766,2238,R0,,
C4BUMP,db_231,1884,2238,R0,,
C4BUMP,db_232,2002,2238,R0,,
C4BUMP,db_233,2120,2238,R0,,
C4BUMP,db_234,2238,2238,R0,,
C4BUMP,db_235,114,2356,R0,,
C4BUMP,db_236,232,2356,R0,,
C4BUMP,db_237,350,2356,R0,,
C4BUMP,db_238,468,2356,R0,,
C4BUMP,db_239,586,2356,R0,,
C4BUMP,vss_58,704,2356,R0,vss_58,vss
C4BUMP,vss_59,822,2356,R0,vss_59,vss
C4BUMP,vccio_52,940,2356,R0,vccio_52,vccio
C4BUMP,vss_60,1058,2356,R0,vss_60,vss
C4BUMP,vccio_53,1176,2356,R0,vccio_53,vccio
C4BUMP,vss_61,1294,2356,R0,vss_61,vss
C4BUMP,vccio_54,1412,2356,R0,vccio_54,vccio
C4BUMP,vss_62,1530,2356,R0,vss_62,vss
C4BUMP,ve_gpio[0],1648,2356,R0,ve_gpio[0],ve_gpio[0]
C4BUMP,db_240,1766,2356,R0,,
C4BUMP,db_241,1884,2356,R0,,
C4BUMP,db_242,2002,2356,R0,,
C4BUMP,db_243,2120,2356,R0,,
C4BUMP,db_244,2238,2356,R0,,
C4BUMP,db_245,114,2474,R0,,
C4BUMP,db_246,232,2474,R0,,
C4BUMP,db_247,350,2474,R0,,
C4BUMP,db_248,468,2474,R0,,
C4BUMP,db_249,586,2474,R0,,
C4BUMP,vccio_55,704,2474,R0,vccio_55,vccio
C4BUMP,vccio_56,822,2474,R0,vccio_56,vccio
C4BUMP,vccio_57,940,2474,R0,vccio_57,vccio
C4BUMP,vccio_58,1058,2474,R0,vccio_58,vccio
C4BUMP,vccio_59,1176,2474,R0,vccio_59,vccio
C4BUMP,vccio_60,1294,2474,R0,vccio_60,vccio
C4BUMP,vccio_61,1412,2474,R0,vccio_61,vccio
C4BUMP,vccio_62,1530,2474,R0,vccio_62,vccio
C4BUMP,ve_gpio[1],1648,2474,R0,ve_gpio[1],ve_gpio[1]
C4BUMP,db_250,1766,2474,R0,,
C4BUMP,db_251,1884,2474,R0,,
C4BUMP,db_252,2002,2474,R0,,
C4BUMP,db_253,2120,2474,R0,,
C4BUMP,db_254,2238,2474,R0,,
C4BUMP,db_255,114,2592,R0,,
C4BUMP,db_256,232,2592,R0,,
C4BUMP,db_257,350,2592,R0,,
C4BUMP,db_258,468,2592,R0,,
C4BUMP,db_259,586,2592,R0,,
C4BUMP,vdd1p8_0,704,2592,R0,vdd1p8_0,vdd1p8
C4BUMP,vss_63,822,2592,R0,vss_63,vss
C4BUMP,vccio_63,940,2592,R0,vccio_63,vccio
C4BUMP,vccio_64,1058,2592,R0,vccio_64,vccio
C4BUMP,vccio_65,1176,2592,R0,vccio_65,vccio
C4BUMP,vccfwdio_1,1294,2592,R0,vccfwdio_1,vccfwdio
C4BUMP,vccfwdio_2,1412,2592,R0,vccfwdio_2,vccfwdio
C4BUMP,vccio_66,1530,2592,R0,vccio_66,vccio
C4BUMP,ve_gpio[3],1648,2592,R0,ve_gpio[3],ve_gpio[3]
C4BUMP,db_260,1766,2592,R0,,
C4BUMP,db_261,1884,2592,R0,,
C4BUMP,db_262,2002,2592,R0,,
C4BUMP,db_263,2120,2592,R0,,
C4BUMP,db_264,2238,2592,R0,,
C4BUMP,db_265,114,2710,R0,,
C4BUMP,db_266,232,2710,R0,,
C4BUMP,db_267,350,2710,R0,,
C4BUMP,db_268,468,2710,R0,,
C4BUMP,db_269,586,2710,R0,,
C4BUMP,ma_tap_tdi,704,2710,R0,ma_tap_tdi,ma_tap_tdi
C4BUMP,vss_64,822,2710,R0,vss_64,vss
C4BUMP,vccio_67,940,2710,R0,vccio_67,vccio
C4BUMP,vss_65,1058,2710,R0,vss_65,vss
C4BUMP,vccio_68,1176,2710,R0,vccio_68,vccio
C4BUMP,vss_66,1294,2710,R0,vss_66,vss
C4BUMP,vss_67,1412,2710,R0,vss_67,vss
C4BUMP,vss_68,1530,2710,R0,vss_68,vss
C4BUMP,vss_69,1648,2710,R0,vss_69,vss
C4BUMP,db_270,1766,2710,R0,,
C4BUMP,db_271,1884,2710,R0,,
C4BUMP,db_272,2002,2710,R0,,
C4BUMP,db_273,2120,2710,R0,,
C4BUMP,db_274,2238,2710,R0,,
C4BUMP,db_275,114,2828,R0,,
C4BUMP,db_276,232,2828,R0,,
C4BUMP,db_277,350,2828,R0,,
C4BUMP,db_278,468,2828,R0,,
C4BUMP,db_279,586,2828,R0,,
C4BUMP,ma_tap_tck,704,2828,R0,ma_tap_tck,ma_tap_tck
C4BUMP,vss_70,822,2828,R0,vss_70,vss
C4BUMP,vss_71,940,2828,R0,vss_71,vss
C4BUMP,vccio_69,1058,2828,R0,vccio_69,vccio
C4BUMP,vss_72,1176,2828,R0,vss_72,vss
C4BUMP,vccfwdio_3,1294,2828,R0,vccfwdio_3,vccfwdio
C4BUMP,vccfwdio_4,1412,2828,R0,vccfwdio_4,vccfwdio
C4BUMP,vccio_70,1530,2828,R0,vccio_70,vccio
C4BUMP,vddc_0,1648,2828,R0,vddc_0,vddc
C4BUMP,db_280,1766,2828,R0,,
C4BUMP,db_281,1884,2828,R0,,
C4BUMP,db_282,2002,2828,R0,,
C4BUMP,db_283,2120,2828,R0,,
C4BUMP,db_284,2238,2828,R0,,
C4BUMP,db_285,114,2946,R0,,
C4BUMP,db_286,232,2946,R0,,
C4BUMP,db_287,350,2946,R0,,
C4BUMP,db_288,468,2946,R0,,
C4BUMP,db_289,586,2946,R0,,
C4BUMP,ma_tap_tms,704,2946,R0,ma_tap_tms,ma_tap_tms
C4BUMP,vss_73,822,2946,R0,vss_73,vss
C4BUMP,vccio_71,940,2946,R0,vccio_71,vccio
C4BUMP,vss_74,1058,2946,R0,vss_74,vss
C4BUMP,vccio_72,1176,2946,R0,vccio_72,vccio
C4BUMP,vss_75,1294,2946,R0,vss_75,vss
C4BUMP,vccio_73,1412,2946,R0,vccio_73,vccio
C4BUMP,vss_76,1530,2946,R0,vss_76,vss
C4BUMP,ve_gpio[2],1648,2946,R0,ve_gpio[2],ve_gpio[2]
C4BUMP,db_290,1766,2946,R0,,
C4BUMP,db_291,1884,2946,R0,,
C4BUMP,db_292,2002,2946,R0,,
C4BUMP,db_293,2120,2946,R0,,
C4BUMP,db_294,2238,2946,R0,,
C4BUMP,db_295,114,3064,R0,,
C4BUMP,db_296,232,3064,R0,,
C4BUMP,db_297,350,3064,R0,,
C4BUMP,db_298,468,3064,R0,,
C4BUMP,db_299,586,3064,R0,,
C4BUMP,ma_tap_tdo,704,3064,R0,ma_tap_tdo,ma_tap_tdo
C4BUMP,vss_77,822,3064,R0,vss_77,vss
C4BUMP,vccio_74,940,3064,R0,vccio_74,vccio
C4BUMP,vss_78,1058,3064,R0,vss_78,vss
C4BUMP,vccio_75,1176,3064,R0,vccio_75,vccio
C4BUMP,vss_79,1294,3064,R0,vss_79,vss
C4BUMP,vccio_76,1412,3064,R0,vccio_76,vccio
C4BUMP,vss_80,1530,3064,R0,vss_80,vss
C4BUMP,ve_gpio[4],1648,3064,R0,ve_gpio[4],ve_gpio[4]
C4BUMP,db_300,1766,3064,R0,,
C4BUMP,db_301,1884,3064,R0,,
C4BUMP,db_302,2002,3064,R0,,
C4BUMP,db_303,2120,3064,R0,,
C4BUMP,db_304,2238,3064,R0,,
C4BUMP,db_305,114,3182,R0,,
C4BUMP,db_306,232,3182,R0,,
C4BUMP,db_307,350,3182,R0,,
C4BUMP,db_308,468,3182,R0,,
C4BUMP,db_309,586,3182,R0,,
C4BUMP,ma_tap_rst,704,3182,R0,ma_tap_rst,ma_tap_rst
C4BUMP,vss_81,822,3182,R0,vss_81,vss
C4BUMP,vccio_77,940,3182,R0,vccio_77,vccio
C4BUMP,vss_82,1058,3182,R0,vss_82,vss
C4BUMP,vccio_78,1176,3182,R0,vccio_78,vccio
C4BUMP,vss_83,1294,3182,R0,vss_83,vss
C4BUMP,vccio_79,1412,3182,R0,vccio_79,vccio
C4BUMP,vss_84,1530,3182,R0,vss_84,vss
C4BUMP,ve_gpio[6],1648,3182,R0,ve_gpio[6],ve_gpio[6]
C4BUMP,db_310,1766,3182,R0,,
C4BUMP,db_311,1884,3182,R0,,
C4BUMP,db_312,2002,3182,R0,,
C4BUMP,db_313,2120,3182,R0,,
C4BUMP,db_314,2238,3182,R0,,
C4BUMP,db_315,114,3300,R0,,
C4BUMP,db_316,232,3300,R0,,
C4BUMP,db_317,350,3300,R0,,
C4BUMP,db_318,468,3300,R0,,
C4BUMP,db_319,586,3300,R0,,
C4BUMP,vdd1p8_1,704,3300,R0,vdd1p8_1,vdd1p8
C4BUMP,ma_gpio[4],822,3300,R0,ma_gpio[4],ma_gpio[4]
C4BUMP,vccio_80,940,3300,R0,vccio_80,vccio
C4BUMP,vss_85,1058,3300,R0,vss_85,vss
C4BUMP,vccio_81,1176,3300,R0,vccio_81,vccio
C4BUMP,vss_86,1294,3300,R0,vss_86,vss
C4BUMP,vccio_82,1412,3300,R0,vccio_82,vccio
C4BUMP,vss_87,1530,3300,R0,vss_87,vss
C4BUMP,ve_gpio[5],1648,3300,R0,ve_gpio[5],ve_gpio[5]
C4BUMP,db_320,1766,3300,R0,,
C4BUMP,db_321,1884,3300,R0,,
C4BUMP,db_322,2002,3300,R0,,
C4BUMP,db_323,2120,3300,R0,,
C4BUMP,db_324,2238,3300,R0,,
C4BUMP,db_325,114,3418,R0,,
C4BUMP,db_326,232,3418,R0,,
C4BUMP,db_327,350,3418,R0,,
C4BUMP,db_328,468,3418,R0,,
C4BUMP,db_329,586,3418,R0,,
C4BUMP,ma_gpio[0],704,3418,R0,ma_gpio[0],ma_gpio[0]
C4BUMP,ma_gpio[5],822,3418,R0,ma_gpio[5],ma_gpio[5]
C4BUMP,vccio_83,940,3418,R0,vccio_83,vccio
C4BUMP,vss_88,1058,3418,R0,vss_88,vss
C4BUMP,vccio_84,1176,3418,R0,vccio_84,vccio
C4BUMP,vss_89,1294,3418,R0,vss_89,vss
C4BUMP,vccio_85,1412,3418,R0,vccio_85,vccio
C4BUMP,vss_90,1530,3418,R0,vss_90,vss
C4BUMP,ve_gpio[7],1648,3418,R0,ve_gpio[7],ve_gpio[7]
C4BUMP,db_330,1766,3418,R0,,
C4BUMP,db_331,1884,3418,R0,,
C4BUMP,db_332,2002,3418,R0,,
C4BUMP,db_333,2120,3418,R0,,
C4BUMP,db_334,2238,3418,R0,,
C4BUMP,db_335,114,3536,R0,,
C4BUMP,db_336,232,3536,R0,,
C4BUMP,db_337,350,3536,R0,,
C4BUMP,db_338,468,3536,R0,,
C4BUMP,db_339,586,3536,R0,,
C4BUMP,vss_91,704,3536,R0,vss_91,vss
C4BUMP,ma_gpio[6],822,3536,R0,ma_gpio[6],ma_gpio[6]
C4BUMP,vccio_86,940,3536,R0,vccio_86,vccio
C4BUMP,vss_92,1058,3536,R0,vss_92,vss
C4BUMP,vccio_87,1176,3536,R0,vccio_87,vccio
C4BUMP,vss_93,1294,3536,R0,vss_93,vss
C4BUMP,vccio_88,1412,3536,R0,vccio_88,vccio
C4BUMP,vdd1p8_2,1530,3536,R0,vdd1p8_2,vdd1p8
C4BUMP,ve_tap_tdi,1648,3536,R0,ve_tap_tdi,ve_tap_tdi
C4BUMP,db_340,1766,3536,R0,,
C4BUMP,db_341,1884,3536,R0,,
C4BUMP,db_342,2002,3536,R0,,
C4BUMP,db_343,2120,3536,R0,,
C4BUMP,db_344,2238,3536,R0,,
C4BUMP,db_345,114,3654,R0,,
C4BUMP,db_346,232,3654,R0,,
C4BUMP,db_347,350,3654,R0,,
C4BUMP,db_348,468,3654,R0,,
C4BUMP,db_349,586,3654,R0,,
C4BUMP,ma_gpio[1],704,3654,R0,ma_gpio[1],ma_gpio[1]
C4BUMP,ma_gpio[7],822,3654,R0,ma_gpio[7],ma_gpio[7]
C4BUMP,vccio_89,940,3654,R0,vccio_89,vccio
C4BUMP,vss_94,1058,3654,R0,vss_94,vss
C4BUMP,vccio_90,1176,3654,R0,vccio_90,vccio
C4BUMP,vss_95,1294,3654,R0,vss_95,vss
C4BUMP,vccio_91,1412,3654,R0,vccio_91,vccio
C4BUMP,vss_96,1530,3654,R0,vss_96,vss
C4BUMP,ve_tap_tck,1648,3654,R0,ve_tap_tck,ve_tap_tck
C4BUMP,db_350,1766,3654,R0,,
C4BUMP,db_351,1884,3654,R0,,
C4BUMP,db_352,2002,3654,R0,,
C4BUMP,db_353,2120,3654,R0,,
C4BUMP,db_354,2238,3654,R0,,
C4BUMP,db_355,114,3772,R0,,
C4BUMP,db_356,232,3772,R0,,
C4BUMP,db_357,350,3772,R0,,
C4BUMP,db_358,468,3772,R0,,
C4BUMP,db_359,586,3772,R0,,
C4BUMP,ma_gpio[3],704,3772,R0,ma_gpio[3],ma_gpio[3]
C4BUMP,vss_97,822,3772,R0,vss_97,vss
C4BUMP,vccio_92,940,3772,R0,vccio_92,vccio
C4BUMP,vss_98,1058,3772,R0,vss_98,vss
C4BUMP,vccio_93,1176,3772,R0,vccio_93,vccio
C4BUMP,vss_99,1294,3772,R0,vss_99,vss
C4BUMP,vccio_94,1412,3772,R0,vccio_94,vccio
C4BUMP,vccio_95,1530,3772,R0,vccio_95,vccio
C4BUMP,ve_tap_tms,1648,3772,R0,ve_tap_tms,ve_tap_tms
C4BUMP,db_360,1766,3772,R0,,
C4BUMP,db_361,1884,3772,R0,,
C4BUMP,db_362,2002,3772,R0,,
C4BUMP,db_363,2120,3772,R0,,
C4BUMP,db_364,2238,3772,R0,,
C4BUMP,db_365,114,3890,R0,,
C4BUMP,db_366,232,3890,R0,,
C4BUMP,db_367,350,3890,R0,,
C4BUMP,db_368,468,3890,R0,,
C4BUMP,db_369,586,3890,R0,,
C4BUMP,ma_gpio[2],704,3890,R0,ma_gpio[2],ma_gpio[2]
C4BUMP,vddc_1,822,3890,R0,vddc_1,vddc
C4BUMP,ma_xaui_txD1_p,940,3890,R0,ma_xaui_txD1_p,ma_xaui_txD1_p
C4BUMP,ma_xaui_txD1_n,1058,3890,R0,ma_xaui_txD1_n,ma_xaui_txD1_n
C4BUMP,ma_xaui_txD3_p,1176,3890,R0,ma_xaui_txD3_p,ma_xaui_txD3_p
C4BUMP,ma_xaui_txD3_n,1294,3890,R0,ma_xaui_txD3_n,ma_xaui_txD3_n
C4BUMP,vss_100,1412,3890,R0,vss_100,vss
C4BUMP,ve_pcie_rst_n,1530,3890,R0,ve_pcie_rst_n,ve_pcie_rst_n
C4BUMP,ve_tap_tdo,1648,3890,R0,ve_tap_tdo,ve_tap_tdo
C4BUMP,db_370,1766,3890,R0,,
C4BUMP,db_371,1884,3890,R0,,
C4BUMP,db_372,2002,3890,R0,,
C4BUMP,db_373,2120,3890,R0,,
C4BUMP,db_374,2238,3890,R0,,
C4BUMP,db_375,114,4008,R0,,
C4BUMP,db_376,232,4008,R0,,
C4BUMP,db_377,350,4008,R0,,
C4BUMP,db_378,468,4008,R0,,
C4BUMP,db_379,586,4008,R0,,
C4BUMP,vddc_2,704,4008,R0,vddc_2,vddc
C4BUMP,vss_101,822,4008,R0,vss_101,vss
C4BUMP,ma_xaui_rxD1_p,940,4008,R0,ma_xaui_rxD1_p,ma_xaui_rxD1_p
C4BUMP,ma_xaui_rxD1_n,1058,4008,R0,ma_xaui_rxD1_n,ma_xaui_rxD1_n
C4BUMP,ma_xaui_rxD3_p,1176,4008,R0,ma_xaui_rxD3_p,ma_xaui_rxD3_p
C4BUMP,ma_xaui_rxD3_n,1294,4008,R0,ma_xaui_rxD3_n,ma_xaui_rxD3_n
C4BUMP,vccio_96,1412,4008,R0,vccio_96,vccio
C4BUMP,vss_102,1530,4008,R0,vss_102,vss
C4BUMP,ve_tap_rst,1648,4008,R0,ve_tap_rst,ve_tap_rst
C4BUMP,db_380,1766,4008,R0,,
C4BUMP,db_381,1884,4008,R0,,
C4BUMP,db_382,2002,4008,R0,,
C4BUMP,db_383,2120,4008,R0,,
C4BUMP,db_384,2238,4008,R0,,
C4BUMP,db_385,114,4126,R0,,
C4BUMP,db_386,232,4126,R0,,
C4BUMP,db_387,350,4126,R0,,
C4BUMP,db_388,468,4126,R0,,
C4BUMP,db_389,586,4126,R0,,
C4BUMP,vss_103,704,4126,R0,vss_103,vss
C4BUMP,ma_xaui_txD0_p,822,4126,R0,ma_xaui_txD0_p,ma_xaui_txD0_p
C4BUMP,ma_xaui_txD0_n,940,4126,R0,ma_xaui_txD0_n,ma_xaui_txD0_n
C4BUMP,ma_xaui_txD2_p,1058,4126,R0,ma_xaui_txD2_p,ma_xaui_txD2_p
C4BUMP,ma_xaui_txD2_n,1176,4126,R0,ma_xaui_txD2_n,ma_xaui_txD2_n
C4BUMP,ma_xaui_clk,1294,4126,R0,ma_xaui_clk,ma_xaui_clk
C4BUMP,ve_pcie_clk,1412,4126,R0,ve_pcie_clk,ve_pcie_clk
C4BUMP,ve_pcie_tx_n,1530,4126,R0,ve_pcie_tx_n,ve_pcie_tx_n
C4BUMP,ve_pcie_tx_p,1648,4126,R0,ve_pcie_tx_p,ve_pcie_tx_p
C4BUMP,db_390,1766,4126,R0,,
C4BUMP,db_391,1884,4126,R0,,
C4BUMP,db_392,2002,4126,R0,,
C4BUMP,db_393,2120,4126,R0,,
C4BUMP,db_394,2238,4126,R0,,
C4BUMP,db_395,114,4244,R0,,
C4BUMP,db_396,232,4244,R0,,
C4BUMP,db_397,350,4244,R0,,
C4BUMP,db_398,468,4244,R0,,
C4BUMP,db_399,586,4244,R0,,
C4BUMP,vss_104,704,4244,R0,vss_104,vss
C4BUMP,ma_xaui_rxD0_p,822,4244,R0,ma_xaui_rxD0_p,ma_xaui_rxD0_p
C4BUMP,ma_xaui_rxD0_n ,940,4244,R0,ma_xaui_rxD0_n ,ma_xaui_rxD0_n 
C4BUMP,ma_xaui_rxD2_p,1058,4244,R0,ma_xaui_rxD2_p,ma_xaui_rxD2_p
C4BUMP,ma_xaui_rxD2_n,1176,4244,R0,ma_xaui_rxD2_n,ma_xaui_rxD2_n
C4BUMP,ma_xaui_rst_n,1294,4244,R0,ma_xaui_rst_n,ma_xaui_rst_n
C4BUMP,ve_pcie_rx_n,1412,4244,R0,ve_pcie_rx_n,ve_pcie_rx_n
C4BUMP,ve_pcie_rx_p,1530,4244,R0,ve_pcie_rx_p,ve_pcie_rx_p
C4BUMP,vdd1p8_3,1648,4244,R0,vdd1p8_3,vdd1p8
C4BUMP,db_400,1766,4244,R0,,
C4BUMP,db_401,1884,4244,R0,,
C4BUMP,db_402,2002,4244,R0,,
C4BUMP,db_403,2120,4244,R0,,
C4BUMP,db_404,2238,4244,R0,,
C4BUMP,db_405,114,4362,R0,,
C4BUMP,db_406,232,4362,R0,,
C4BUMP,db_407,350,4362,R0,,
C4BUMP,db_408,468,4362,R0,,
C4BUMP,db_409,586,4362,R0,,
C4BUMP,db_410,704,4362,R0,,
C4BUMP,db_411,822,4362,R0,,
C4BUMP,db_412,940,4362,R0,,
C4BUMP,db_413,1058,4362,R0,,
C4BUMP,db_414,1176,4362,R0,,
C4BUMP,db_415,1294,4362,R0,,
C4BUMP,db_416,1412,4362,R0,,
C4BUMP,db_417,1530,4362,R0,,
C4BUMP,db_418,1648,4362,R0,,
C4BUMP,db_419,1766,4362,R0,,
C4BUMP,db_420,1884,4362,R0,,
C4BUMP,db_421,2002,4362,R0,,
C4BUMP,db_422,2120,4362,R0,,
C4BUMP,db_423,2238,4362,R0,,
C4BUMP,db_424,114,4480,R0,,
C4BUMP,db_425,232,4480,R0,,
C4BUMP,db_426,350,4480,R0,,
C4BUMP,db_427,468,4480,R0,,
C4BUMP,db_428,586,4480,R0,,
C4BUMP,db_429,704,4480,R0,,
C4BUMP,db_430,822,4480,R0,,
C4BUMP,db_431,940,4480,R0,,
C4BUMP,db_432,1058,4480,R0,,
C4BUMP,db_433,1176,4480,R0,,
C4BUMP,db_434,1294,4480,R0,,
C4BUMP,db_435,1412,4480,R0,,
C4BUMP,db_436,1530,4480,R0,,
C4BUMP,db_437,1648,4480,R0,,
C4BUMP,db_438,1766,4480,R0,,
C4BUMP,db_439,1884,4480,R0,,
C4BUMP,db_440,2002,4480,R0,,
C4BUMP,db_441,2120,4480,R0,,
C4BUMP,db_442,2238,4480,R0,,
C4BUMP,db_443,114,4598,R0,,
C4BUMP,db_444,232,4598,R0,,
C4BUMP,db_445,350,4598,R0,,
C4BUMP,db_446,468,4598,R0,,
C4BUMP,db_447,586,4598,R0,,
C4BUMP,db_448,704,4598,R0,,
C4BUMP,db_449,822,4598,R0,,
C4BUMP,db_450,940,4598,R0,,
C4BUMP,db_451,1058,4598,R0,,
C4BUMP,db_452,1176,4598,R0,,
C4BUMP,db_453,1294,4598,R0,,
C4BUMP,db_454,1412,4598,R0,,
C4BUMP,db_455,1530,4598,R0,,
C4BUMP,db_456,1648,4598,R0,,
C4BUMP,db_457,1766,4598,R0,,
C4BUMP,db_458,1884,4598,R0,,
C4BUMP,db_459,2002,4598,R0,,
C4BUMP,db_460,2120,4598,R0,,
C4BUMP,db_461,2238,4598,R0,,
C4BUMP,db_462,114,4716,R0,,
C4BUMP,db_463,232,4716,R0,,
C4BUMP,db_464,350,4716,R0,,
C4BUMP,db_465,468,4716,R0,,
C4BUMP,db_466,586,4716,R0,,
C4BUMP,db_467,704,4716,R0,,
C4BUMP,db_468,822,4716,R0,,
C4BUMP,db_469,940,4716,R0,,
C4BUMP,db_470,1058,4716,R0,,
C4BUMP,db_471,1176,4716,R0,,
C4BUMP,db_472,1294,4716,R0,,
C4BUMP,db_473,1412,4716,R0,,
C4BUMP,db_474,1530,4716,R0,,
C4BUMP,db_475,1648,4716,R0,,
C4BUMP,db_476,1766,4716,R0,,
C4BUMP,db_477,1884,4716,R0,,
C4BUMP,db_478,2002,4716,R0,,
C4BUMP,db_479,2120,4716,R0,,
C4BUMP,db_480,2238,4716,R0,,
C4BUMP,db_481,114,4834,R0,,
C4BUMP,db_482,232,4834,R0,,
C4BUMP,db_483,350,4834,R0,,
C4BUMP,db_484,468,4834,R0,,
C4BUMP,db_485,586,4834,R0,,
C4BUMP,db_486,704,4834,R0,,
C4BUMP,db_487,822,4834,R0,,
C4BUMP,db_488,940,4834,R0,,
C4BUMP,db_489,1058,4834,R0,,
C4BUMP,db_490,1176,4834,R0,,
C4BUMP,db_491,1294,4834,R0,,
C4BUMP,db_492,1412,4834,R0,,
C4BUMP,db_493,1530,4834,R0,,
C4BUMP,db_494,1648,4834,R0,,
C4BUMP,db_495,1766,4834,R0,,
C4BUMP,db_496,1884,4834,R0,,
C4BUMP,db_497,2002,4834,R0,,
C4BUMP,db_498,2120,4834,R0,,
C4BUMP,db_499,2238,4834,R0,,
